WEAPONS,-,-,-,-,-,-,-,-,-,-,-,-,-,-,-,-,-,-,-,-,-,-,-,-,-,-,-
Slot,Type,Path,Name,Rarity,Rarity (no.),Rarity (Name),Tier,,Floor,Avg,Ceiling,RPM,Base,HS,Crit (Base),Headshot Mult.,Crit Mult.,Magazine Size,TTE (s),Reload (s),Fire,Poison,AOE,Code,Paid,Obtainable?,Extra
Primary,Assault Rifle,Rapid Rifle,Shredder-10,★☆☆☆☆☆,1,Common,D,,67,74,80,400,10,12,15,1.2,1.5,20,3.0,2.7,FALSE,FALSE,FALSE,FALSE,FALSE,,
Primary,Assault Rifle,Assault Rifle,K2-Torrent,★☆☆☆☆☆,1,Common,D,,#DIV/0!,#DIV/0!,#DIV/0!,#DIV/0!,15,23,19,1.53,1.27,20,,,FALSE,FALSE,FALSE,FALSE,FALSE,,
Primary,Assault Rifle,Heavy Rifle,KR-17 Harbinger,★☆☆☆☆☆,1,Common,D,,#DIV/0!,#DIV/0!,#DIV/0!,#DIV/0!,22,29,30,1.32,1.35,14,,3.0,FALSE,FALSE,FALSE,FALSE,FALSE,,
Primary,Assault Rifle,Burst Rifle,Cyclone BP-9,★☆☆☆☆☆,1,Common,D,,#DIV/0!,#DIV/0!,#DIV/0!,#DIV/0!,16,32,18,2,1.13,21,,,FALSE,FALSE,FALSE,FALSE,FALSE,,
Primary,Assault Rifle,Heavy Rifle,Overcast-8,★★☆☆☆☆,2,Uncommon,D,,#DIV/0!,#DIV/0!,#DIV/0!,#DIV/0!,24,32,24,1.33,1,16,,,FALSE,FALSE,FALSE,FALSE,FALSE,,
Primary,Assault Rifle,Assault Rifle,Strider-C1,★★☆☆☆☆,2,Uncommon,D,,#DIV/0!,#DIV/0!,#DIV/0!,#DIV/0!,17,26,21,1.53,1.24,20,,,FALSE,FALSE,FALSE,FALSE,FALSE,,
Primary,Assault Rifle,Burst Rifle,DRX-42,★★☆☆☆☆,2,Uncommon,D,,#DIV/0!,#DIV/0!,#DIV/0!,#DIV/0!,18,36,21,2,1.17,21,,,FALSE,FALSE,FALSE,FALSE,FALSE,,
Primary,Assault Rifle,Rapid Rifle,Tempest-FX,★★☆☆☆☆,2,Uncommon,D,,#DIV/0!,#DIV/0!,#DIV/0!,#DIV/0!,11,14,11,1.27,1,22,,,FALSE,FALSE,FALSE,FALSE,FALSE,,
Primary,Assault Rifle,Heavy Rifle,Hal-7 Backlash,★★★☆☆☆,3,Rare,C,,#DIV/0!,#DIV/0!,#DIV/0!,#DIV/0!,26,36,29,1.38,1.12,18,,,FALSE,FALSE,FALSE,FALSE,FALSE,,
Primary,Assault Rifle,Rapid Rifle,Pulseline-G7,★★★☆☆☆,3,Rare,C,,#DIV/0!,#DIV/0!,#DIV/0!,#DIV/0!,12,16,12,1.33,1,24,,,FALSE,FALSE,FALSE,FALSE,FALSE,,
Primary,Assault Rifle,Assault Rifle,Tachyon-31,★★★☆☆☆,3,Rare,C,,#DIV/0!,#DIV/0!,#DIV/0!,#DIV/0!,19,29,24,1.53,1.26,22,,,FALSE,FALSE,FALSE,FALSE,FALSE,,
Primary,Assault Rifle,Burst Rifle,Sabre-15,★★★☆☆☆,3,Rare,C,,#DIV/0!,#DIV/0!,#DIV/0!,#DIV/0!,19,38,22,2,1.16,21,,,FALSE,FALSE,FALSE,FALSE,FALSE,,
Primary,Assault Rifle,Heavy Rifle,Sentra-VS,★★★★☆☆,4,Epic,B,,#DIV/0!,#DIV/0!,#DIV/0!,#DIV/0!,28,41,32,1.46,1.14,20,,,FALSE,FALSE,FALSE,FALSE,FALSE,,
Primary,Assault Rifle,Assault Rifle,Velocity-5,★★★★☆☆,4,Epic,B,,#DIV/0!,#DIV/0!,#DIV/0!,#DIV/0!,21,32,26,1.52,1.24,25,,,FALSE,FALSE,FALSE,FALSE,FALSE,,
Primary,Assault Rifle,Rapid Rifle,Overdrive-4R,★★★★☆☆,4,Epic,B,,#DIV/0!,#DIV/0!,#DIV/0!,#DIV/0!,15,20,16,1.33,1.07,26,,,FALSE,FALSE,FALSE,FALSE,FALSE,,
Primary,Assault Rifle,Burst Rifle,Ranger-29,★★★★☆☆,4,Epic,A,,#DIV/0!,#DIV/0!,#DIV/0!,#DIV/0!,20,40,23,2,1.15,24,,,FALSE,FALSE,FALSE,FALSE,FALSE,,
Primary,Assault Rifle,Burst Rifle,Blitz-Q45,★★★★★☆,5,Legendary,A,,#DIV/0!,#DIV/0!,#DIV/0!,#DIV/0!,22,44,25,2,1.14,27,,,FALSE,FALSE,FALSE,FALSE,FALSE,,
Primary,Assault Rifle,Rapid Rifle,Crusher-3R,★★★★★☆,5,Legendary,A,,#DIV/0!,#DIV/0!,#DIV/0!,#DIV/0!,16,22,18,1.38,1.13,28,,,FALSE,FALSE,FALSE,FALSE,FALSE,,
Primary,Assault Rifle,Heavy Rifle,Blackthorn GX,★★★★★☆,5,Legendary,B,,#DIV/0!,#DIV/0!,#DIV/0!,#DIV/0!,30,45,36,1.5,1.2,24,,,FALSE,FALSE,FALSE,FALSE,FALSE,,
Primary,Assault Rifle,Burst Rifle,K12 Hatchet,★★★★★☆,5,Legendary,A,,#DIV/0!,#DIV/0!,#DIV/0!,#DIV/0!,22,44,25,2,1.14,27,,,FALSE,FALSE,FALSE,FALSE,TRUE,,
Primary,Assault Rifle,Assault Rifle,St-53 Rifle,★★★★★☆,5,Legendary,A,,#DIV/0!,#DIV/0!,#DIV/0!,#DIV/0!,26,39,33,1.5,1.27,28,,,FALSE,FALSE,FALSE,FALSE,FALSE,,
Primary,Assault Rifle,Burst Rifle,Keyzer-41,★★★★★★,6,Exotic,S,,#DIV/0!,#DIV/0!,#DIV/0!,#DIV/0!,27,54,31,2,1.15,33,,,FALSE,FALSE,FALSE,FALSE,FALSE,,
Primary,Assault Rifle,Assault Rifle,STX-Apex,★★★★★★,6,Exotic,Meta,,#DIV/0!,#DIV/0!,#DIV/0!,#DIV/0!,35,53,44,1.51,1.26,35,,,FALSE,FALSE,FALSE,FALSE,FALSE,,
Primary,Assault Rifle,Rapid Rifle,Burnout-X (MAIN),★★★★★★,6,Exotic,Meta,,#DIV/0!,#DIV/0!,#DIV/0!,#DIV/0!,17,26,20,1.53,1.18,30,,,FALSE,FALSE,FALSE,FALSE,FALSE,,Includes Underbarrel Flamer
Primary,Assault Rifle,Rapid Rifle,Burnout-X (ALT),★★★★★★,6,Exotic,Meta,,#DIV/0!,#DIV/0!,#DIV/0!,#DIV/0!,68,68,80,1,1.18,45,,,TRUE,FALSE,FALSE,FALSE,FALSE,,10 per fire tick 16 per tick to tanks
Primary,Assault Rifle,Heavy Rifle,M4X Vulcan (MAIN),★★★★★★,6,Exotic,S,,#DIV/0!,#DIV/0!,#DIV/0!,#DIV/0!,33,50,41,1.52,1.24,28,,,FALSE,FALSE,FALSE,FALSE,FALSE,,Includes Underbarrel Grenade Launcher
Primary,Assault Rifle,Heavy Rifle,M4X Vulcan (ALT),★★★★★★,6,Exotic,S,,45,45,45,60,45,45,45,1,1,1,1.0,,FALSE,FALSE,TRUE,FALSE,FALSE,,Underbarrel Grenade Launcher
Primary,SMG,Scout SMG,M5-Rushfire,★☆☆☆☆☆,1,Common,D,,#DIV/0!,#DIV/0!,#DIV/0!,#DIV/0!,12,18,18,1.5,1.5,20,,,FALSE,FALSE,FALSE,FALSE,FALSE,,
Primary,SMG,Swarm SMG,VK-31,★☆☆☆☆☆,1,Common,D,,#DIV/0!,#DIV/0!,#DIV/0!,#DIV/0!,9,11,14,1.22,1.56,18,,,FALSE,FALSE,FALSE,FALSE,FALSE,,
Primary,SMG,Scout SMG,Darklight-7,★★☆☆☆☆,2,Uncommon,D,,#DIV/0!,#DIV/0!,#DIV/0!,#DIV/0!,13,20,20,1.54,1.54,24,,,FALSE,FALSE,FALSE,FALSE,FALSE,,
Primary,SMG,Swarm SMG,401-Reign,★★☆☆☆☆,2,Uncommon,D,,#DIV/0!,#DIV/0!,#DIV/0!,#DIV/0!,10,13,15,1.3,1.5,22,,,FALSE,FALSE,FALSE,FALSE,FALSE,,
Primary,SMG,Swarm SMG,M82 Ripper,★★★☆☆☆,3,Rare,C,,#DIV/0!,#DIV/0!,#DIV/0!,#DIV/0!,14,21,21,1.5,1.5,26,,,FALSE,FALSE,FALSE,FALSE,FALSE,,
Primary,SMG,Scout SMG,T-11 Lancer,★★★☆☆☆,3,Rare,C,,#DIV/0!,#DIV/0!,#DIV/0!,#DIV/0!,11,15,17,1.36,1.55,24,,,FALSE,FALSE,FALSE,FALSE,FALSE,,
Primary,SMG,Swarm SMG,R7-Stinger,★★★★☆☆,4,Epic,B,,#DIV/0!,#DIV/0!,#DIV/0!,#DIV/0!,13,19,20,1.46,1.54,26,,,FALSE,FALSE,FALSE,FALSE,FALSE,,
Primary,SMG,Scout SMG,GSK-9,★★★★☆☆,4,Epic,B,,#DIV/0!,#DIV/0!,#DIV/0!,#DIV/0!,15,23,23,1.53,1.53,27,,,FALSE,FALSE,FALSE,FALSE,TRUE,,
Primary,SMG,Scout SMG,S-45 Reaperfire,★★★★★☆,5,Legendary,C,,#DIV/0!,#DIV/0!,#DIV/0!,#DIV/0!,17,26,26,1.53,1.53,29,,,FALSE,FALSE,FALSE,FALSE,FALSE,,
Primary,SMG,Swarm SMG,Starfire-4,★★★★★☆,5,Legendary,A,,#DIV/0!,#DIV/0!,#DIV/0!,#DIV/0!,15,23,23,1.53,1.53,28,,,FALSE,FALSE,FALSE,FALSE,FALSE,,
Primary,SMG,Scout SMG,HGX-22 Punisher,★★★★★★,6,Exotic,S,,#DIV/0!,#DIV/0!,#DIV/0!,#DIV/0!,19,29,24,1.53,1.26,32,,,FALSE,FALSE,FALSE,FALSE,FALSE,,
Primary,SMG,Swarm SMG,T-16X Impactor (MAIN),★★★★★★,6,Exotic,S,,#DIV/0!,#DIV/0!,#DIV/0!,#DIV/0!,23,35,35,1.52,1.52,25,,,FALSE,FALSE,FALSE,FALSE,FALSE,,
Primary,SMG,Swarm SMG,T-16X Impactor (ALT),★★★★★★,6,Exotic,S,,#DIV/0!,#DIV/0!,#DIV/0!,#DIV/0!,115,175,175,1.52,1.52,8,,,FALSE,FALSE,FALSE,FALSE,FALSE,,
Primary,SMG,Swarm SMG,Thermoblaze-88,★★★★★★,6,Exotic,A,,#DIV/0!,#DIV/0!,#DIV/0!,#DIV/0!,13,20,20,1.54,1.54,26,,,TRUE,FALSE,FALSE,FALSE,FALSE,,10 per fire tick 16 per tick to tanks
Primary,SMG,Scout SMG,Corrosion-X,★★★★★★,6,Exotic,B,,#DIV/0!,#DIV/0!,#DIV/0!,#DIV/0!,17,26,26,1.53,1.53,30,,,FALSE,TRUE,FALSE,FALSE,FALSE,,
Primary,Shotgun,Mag Fed Shotgun,Striker-07,★☆☆☆☆☆,1,Common,D,,#DIV/0!,#DIV/0!,#DIV/0!,#DIV/0!,44,56,56,1.27,1.25,10,,,FALSE,FALSE,FALSE,FALSE,FALSE,,
Primary,Shotgun,Pump Shotgun,R6-Ruiner,★☆☆☆☆☆,1,Common,D,,#DIV/0!,#DIV/0!,#DIV/0!,#DIV/0!,145,180,180,1.24,1.24,5,,,FALSE,FALSE,FALSE,FALSE,FALSE,,
Primary,Shotgun,Pump Shotgun,Pump-B3,★★☆☆☆☆,2,Uncommon,D,,#DIV/0!,#DIV/0!,#DIV/0!,#DIV/0!,135,170,170,1.26,1.26,6,,,FALSE,FALSE,FALSE,FALSE,FALSE,,
Primary,Shotgun,Mag Fed Shotgun,X88 Trencher,★★☆☆☆☆,2,Uncommon,D,,#DIV/0!,#DIV/0!,#DIV/0!,#DIV/0!,48,60,60,1.25,1.25,12,,,FALSE,FALSE,FALSE,FALSE,FALSE,,
Primary,Shotgun,Pump Shotgun,Bulldog-45,★★★☆☆☆,3,Rare,C,,#DIV/0!,#DIV/0!,#DIV/0!,#DIV/0!,180,225,225,1.25,1.25,7,,,FALSE,FALSE,FALSE,FALSE,FALSE,,
Primary,Shotgun,Drum Fed Shotgun,Tundra-14,★★★☆☆☆,3,Rare,C,,#DIV/0!,#DIV/0!,#DIV/0!,#DIV/0!,52,64,64,1.23,1.23,14,,,FALSE,FALSE,FALSE,FALSE,FALSE,,
Primary,Shotgun,Drum Fed Shotgun,Breacher-S3,★★★★☆☆,4,Epic,B,,#DIV/0!,#DIV/0!,#DIV/0!,#DIV/0!,56,72,72,1.29,1.29,16,,,FALSE,FALSE,FALSE,FALSE,FALSE,,
Primary,Shotgun,Pump Shotgun,Sledge-X6,★★★★☆☆,4,Epic,B,,#DIV/0!,#DIV/0!,#DIV/0!,#DIV/0!,195,245,245,1.26,1.26,8,,,FALSE,FALSE,FALSE,FALSE,FALSE,,
Primary,Shotgun,Pump Shotgun,Disrupta-12,★★★★★☆,5,Legendary,A,,#DIV/0!,#DIV/0!,#DIV/0!,#DIV/0!,205,255,255,1.24,1.24,9,,,FALSE,FALSE,FALSE,FALSE,FALSE,,
Primary,Shotgun,Drum Fed Shotgun,Rampager-T1,★★★★★☆,5,Legendary,B,,#DIV/0!,#DIV/0!,#DIV/0!,#DIV/0!,60,76,76,1.27,1.27,18,,,,FALSE,FALSE,FALSE,FALSE,,
Primary,Shotgun,Pump Shotgun,LS3 Scythe,★★★★★★,6,Exotic,S,,#DIV/0!,#DIV/0!,#DIV/0!,#DIV/0!,195,240,250,1.23,1.28,10,,,TRUE,FALSE,FALSE,FALSE,FALSE,,
Primary,Shotgun,Drum Fed Shotgun,Mauler-X,★★★★★★,6,Exotic,B,,#DIV/0!,#DIV/0!,#DIV/0!,#DIV/0!,72,92,92,1.28,1.28,20,,,FALSE,FALSE,FALSE,FALSE,FALSE,,
Primary,DMR,N/A,Longstrike-V5,★☆☆☆☆☆,1,Common,D,,#DIV/0!,#DIV/0!,#DIV/0!,#DIV/0!,40,80,40,2,1,7,,,FALSE,FALSE,FALSE,FALSE,FALSE,,
Primary,DMR,N/A,KSR-5 Vulture,★★☆☆☆☆,2,Uncommon,D,,#DIV/0!,#DIV/0!,#DIV/0!,#DIV/0!,45,90,47,2,1.04,8,,,FALSE,FALSE,FALSE,FALSE,FALSE,,
Primary,DMR,N/A,NV-91 Phantom,★★★☆☆☆,3,Rare,C,,#DIV/0!,#DIV/0!,#DIV/0!,#DIV/0!,49,98,54,2,1.1,9,,,FALSE,FALSE,FALSE,FALSE,FALSE,,
Primary,DMR,N/A,CRX-44 Deadline,★★★★☆☆,4,Epic,B,,#DIV/0!,#DIV/0!,#DIV/0!,#DIV/0!,52,104,62,2,1.19,10,,,FALSE,FALSE,FALSE,FALSE,FALSE,,
Primary,DMR,N/A,Skullpiercer-ZV-6,★★★★★☆,5,Legendary,A,,#DIV/0!,#DIV/0!,#DIV/0!,#DIV/0!,60,120,75,2,1.25,11,,,FALSE,FALSE,FALSE,FALSE,FALSE,,
Primary,DMR,N/A,Precise-X,★★★★★★,6,Exotic,Meta,,#DIV/0!,#DIV/0!,#DIV/0!,#DIV/0!,75,150,98,2,1.31,10,,,FALSE,FALSE,FALSE,FALSE,FALSE,,
Primary,Other,N/A,Explosive Crossbow,★★★★★★,6,Exotic,Meta,,#DIV/0!,#DIV/0!,#DIV/0!,#DIV/0!,65,130,81,2,1.25,6,,,FALSE,FALSE,TRUE,FALSE,TRUE,,Deals 50 explosion AOE damage ; 150 explosion AOE damage to spires
Secondary,Pistol,Secondary Revolver,Lynx-21V,★☆☆☆☆☆,1,Common,D,,#DIV/0!,#DIV/0!,#DIV/0!,#DIV/0!,35,70,39,2,1.11,5,,,FALSE,FALSE,FALSE,FALSE,FALSE,,
Secondary,Pistol,Secondary Pistol,VK-9 Sidearm,★☆☆☆☆☆,1,Common,D,,#DIV/0!,#DIV/0!,#DIV/0!,#DIV/0!,15,23,25,1.53,1.65,8,,,FALSE,FALSE,FALSE,FALSE,FALSE,,
Secondary,Pistol,Secondary Pistol,ST-4 Handgun,★★☆☆☆☆,2,Uncommon,D,,#DIV/0!,#DIV/0!,#DIV/0!,#DIV/0!,16,24,16,1.5,1,10,,,FALSE,FALSE,FALSE,FALSE,FALSE,,
Secondary,Pistol,Secondary Revolver,Anvil-7,★★☆☆☆☆,2,Uncommon,D,,#DIV/0!,#DIV/0!,#DIV/0!,#DIV/0!,38,76,46,2,1.21,6,,,FALSE,FALSE,FALSE,FALSE,FALSE,,
Secondary,Pistol,Secondary Revolver,Coilbite-N65,★★★☆☆☆,3,Rare,C,,#DIV/0!,#DIV/0!,#DIV/0!,#DIV/0!,42,84,55,2,1.31,6,,,FALSE,FALSE,FALSE,FALSE,FALSE,,
Secondary,Pistol,Secondary Pistol,M44 Tactical,★★★☆☆☆,3,Rare,C,,#DIV/0!,#DIV/0!,#DIV/0!,#DIV/0!,17,26,19,1.53,1.12,12,,,FALSE,FALSE,FALSE,FALSE,FALSE,,
Secondary,Pistol,Secondary Revolver,Oblitera-32,★★★★☆☆,4,Epic,A,,#DIV/0!,#DIV/0!,#DIV/0!,#DIV/0!,52,104,78,2,1.5,8,,,FALSE,FALSE,FALSE,TRUE,FALSE,,
Secondary,Pistol,Secondary Revolver,Ironjaw-6,★★★★☆☆,4,Epic,B,,#DIV/0!,#DIV/0!,#DIV/0!,#DIV/0!,46,92,64,2,1.39,7,,,FALSE,FALSE,FALSE,FALSE,FALSE,,
Secondary,Pistol,Secondary Pistol,Python-6,★★★★☆☆,4,Epic,B,,#DIV/0!,#DIV/0!,#DIV/0!,#DIV/0!,18,27,21,1.5,1.17,14,,,FALSE,FALSE,FALSE,FALSE,FALSE,,
Secondary,Pistol,Secondary Revolver,B7 Magnum,★★★★★☆,5,Legendary,A,,#DIV/0!,#DIV/0!,#DIV/0!,#DIV/0!,52,104,78,2,1.5,8,,,FALSE,FALSE,FALSE,FALSE,FALSE,,
Secondary,Pistol,Secondary Pistol,SH-303 Silencer,★★★★★☆,5,Legendary,B,,#DIV/0!,#DIV/0!,#DIV/0!,#DIV/0!,20,30,24,1.5,1.2,16,,,FALSE,FALSE,FALSE,FALSE,FALSE,,
Secondary,Pistol,Secondary Revolver,Explosive Handcannon,★★★★★★,6,Exotic,Meta,,#DIV/0!,#DIV/0!,#DIV/0!,#DIV/0!,45,90,56,2,1.24,8,,,FALSE,FALSE,TRUE,FALSE,TRUE,,
Secondary,Pistol,Secondary Pistol,G-5 Executor,★★★★★★,6,Exotic,S,,#DIV/0!,#DIV/0!,#DIV/0!,#DIV/0!,27,41,34,1.52,1.26,18,,,FALSE,FALSE,FALSE,FALSE,FALSE,,
Secondary,Machine Pistol,Secondary SMG,HX-12 Combat,★☆☆☆☆☆,1,Common,D,,#DIV/0!,#DIV/0!,#DIV/0!,#DIV/0!,13,20,21,1.54,1.65,14,,,FALSE,FALSE,FALSE,FALSE,FALSE,,
Secondary,Machine Pistol,Secondary SMG,Raze-T14,★★☆☆☆☆,2,Uncommon,D,,#DIV/0!,#DIV/0!,#DIV/0!,#DIV/0!,14,21,14,1.5,1,16,,,FALSE,FALSE,FALSE,FALSE,FALSE,,
Secondary,Machine Pistol,Secondary SMG,Vex-9,★★★☆☆☆,3,Rare,C,,#DIV/0!,#DIV/0!,#DIV/0!,#DIV/0!,15,23,16,1.53,1.07,18,,,FALSE,FALSE,FALSE,FALSE,FALSE,,
Secondary,Machine Pistol,Secondary SMG,SW-11 Barracuda,★★★★☆☆,4,Epic,B,,#DIV/0!,#DIV/0!,#DIV/0!,#DIV/0!,16,24,18,1.5,1.13,20,,,FALSE,FALSE,FALSE,FALSE,FALSE,,
Secondary,Machine Pistol,Secondary SMG,66X Accelerator,★★★★★☆,5,Legendary,B,,#DIV/0!,#DIV/0!,#DIV/0!,#DIV/0!,17,26,20,1.53,1.18,22,,,FALSE,FALSE,FALSE,FALSE,FALSE,,
Secondary,Machine Pistol,Secondary SMG,Quickfire-5X,★★★★★★,6,Exotic,B,,#DIV/0!,#DIV/0!,#DIV/0!,#DIV/0!,18,27,22,1.5,1.22,24,,,FALSE,FALSE,FALSE,FALSE,FALSE,,
Secondary,Other,Secondary Shotgun,X-75 Hunter,★☆☆☆☆☆,1,Common,D,,25,32,38,60,25,38,25,1.52,1,1,1.0,,FALSE,FALSE,FALSE,FALSE,FALSE,,
Secondary,Other,Secondary Shotgun,Gutshot-T2,★★☆☆☆☆,2,Uncommon,D,,#DIV/0!,#DIV/0!,#DIV/0!,#DIV/0!,125,145,125,1.16,1,2,,,FALSE,FALSE,FALSE,FALSE,FALSE,,
Secondary,Other,Secondary Shotgun,Double Barrel,★★★☆☆☆,3,Rare,C,,#DIV/0!,#DIV/0!,#DIV/0!,#DIV/0!,140,210,145,1.5,1.04,2,,,FALSE,FALSE,FALSE,FALSE,FALSE,,
Secondary,Other,Secondary Shotgun,Tri-Boom,★★★★☆☆,4,Epic,A,,#DIV/0!,#DIV/0!,#DIV/0!,#DIV/0!,165,250,205,1.52,1.24,3,,,FALSE,FALSE,FALSE,FALSE,FALSE,,
Secondary,Other,N/A,EXT-3 Impact,★★★★★☆,5,Legendary,F,,34,34,34,60,34,34,34,1,1,1,1.0,,FALSE,FALSE,TRUE,FALSE,FALSE,,
Secondary,Other,Secondary Shotgun,RT-200 Blaster,★★★★★☆,5,Legendary,S,,#DIV/0!,#DIV/0!,#DIV/0!,#DIV/0!,130,195,155,1.5,1.19,6,,,FALSE,FALSE,FALSE,FALSE,FALSE,,
Secondary,Other,Secondary Shotgun,Venomspitter-X,★★★★★★,6,Exotic,B,,#DIV/0!,#DIV/0!,#DIV/0!,#DIV/0!,130,190,160,1.46,1.23,9,,,FALSE,TRUE,FALSE,FALSE,FALSE,,
Secondary,Other,N/A,Scorcher-X12,★★★★★★,6,Exotic,F,,#DIV/0!,#DIV/0!,#DIV/0!,#DIV/0!,2,2,2,1,1,30,,,TRUE,FALSE,FALSE,FALSE,FALSE,,
Support,N/A,N/A,ZR-12 LMG,★☆☆☆☆☆,1,Common,C,,#DIV/0!,#DIV/0!,#DIV/0!,#DIV/0!,15,23,19,1.53,1.27,60,,,FALSE,FALSE,FALSE,FALSE,FALSE,,
Support,N/A,N/A,Kilo-77 LMG,★★☆☆☆☆,2,Uncommon,B,,#DIV/0!,#DIV/0!,#DIV/0!,#DIV/0!,16,24,20,1.5,1.25,80,,,FALSE,FALSE,FALSE,FALSE,FALSE,,
Support,N/A,N/A,Flamethrower,★★★☆☆☆,3,Rare,A,,#DIV/0!,#DIV/0!,#DIV/0!,#DIV/0!,3,3,4,1,1.33,60,,,TRUE,FALSE,FALSE,FALSE,FALSE,,22 per fire tick
Support,N/A,N/A,Sta-3 LMG,★★★☆☆☆,3,Rare,B,,#DIV/0!,#DIV/0!,#DIV/0!,#DIV/0!,19,29,24,1.53,1.26,100,,,FALSE,FALSE,FALSE,FALSE,FALSE,,
Support,N/A,N/A,RPG,★★★☆☆☆,3,Rare,A,,195,195,195,60,195,195,339,1,1.74,1,1.0,,FALSE,FALSE,TRUE,FALSE,FALSE,,
Support,N/A,N/A,Argus-6 LMG,★★★★☆☆,4,Epic,S,,#DIV/0!,#DIV/0!,#DIV/0!,#DIV/0!,21,32,26,1.52,1.24,120,,,FALSE,FALSE,FALSE,FALSE,FALSE,,
Support,N/A,N/A,Tetanus-VX LMG,★★★★★☆,5,Legendary,S,,170,215,259,409,25,38,31,1.52,1.24,150,22.0,,FALSE,FALSE,FALSE,FALSE,FALSE,,
Support,N/A,N/A,Tri-Launcher,★★★★★☆,5,Legendary,A,,#DIV/0!,#DIV/0!,#DIV/0!,#DIV/0!,74,74,130,1,1.76,3,,,FALSE,FALSE,TRUE,FALSE,FALSE,,
Support,N/A,N/A,Havoc Launcher,★★★★★☆,5,Legendary,Meta,,75,75,75,15,298,298,518,1,1.74,1,1.0,3.0,FALSE,FALSE,TRUE,FALSE,TRUE,,
Support,N/A,N/A,Minigun,★★★★★★,6,Exotic,A,,#DIV/0!,#DIV/0!,#DIV/0!,#DIV/0!,15,17,30,1.13,2,150,,,FALSE,FALSE,FALSE,FALSE,TRUE,,
Support,N/A,N/A,Railgun,★★★★★★,6,Exotic,Meta,,87,282,477,20,260,1430,325,5.5,1.25,1,1.0,2.0,FALSE,FALSE,FALSE,FALSE,TRUE,,"Deals 1788 on a Crit + HS, 25% chance to Crit"
Support,N/A,N/A,Hellspitter,★★★★★★,6,Exotic,A,,#DIV/0!,#DIV/0!,#DIV/0!,#DIV/0!,7,7,8,1,1.14,100,,,TRUE,FALSE,FALSE,FALSE,FALSE,,26 per fire tick
WARSHIPS,-,-,-,-,-,-,-,-,-,-,-,-,-,-,-,-,-,-,-,-,-,-,-,-,-,-,-
Slot,Category,Name,Rarity,Tier,Cooldown (s),Max Uses,Perk 1,Perk 2,Perk 3,Perk 4,Code,Paid,Obtainable?,Extra,,,,,,,,,,,,,
Warship,Corvette,Stealth,★☆☆☆☆☆,C,150,5,Better Logistics I,,,,FALSE,FALSE,,,,,,,,,,,,,,,
Warship,Corvette,Radion,★☆☆☆☆☆,F,150,5,Heavy Payload I,,,,FALSE,FALSE,,,,,,,,,,,,,,,
Warship,Corvette,Razorwing,★☆☆☆☆☆,F,150,5,Speed Loader I,,,,FALSE,FALSE,,,,,,,,,,,,,,,
Warship,Corvette,Dagger,★☆☆☆☆☆,F,150,5,Exploding Shrapnel I,,,,FALSE,FALSE,,,,,,,,,,,,,,,
Warship,Corvette,Rogue,★☆☆☆☆☆,F,150,5,Unstable Warhead I,,,,FALSE,FALSE,,,,,,,,,,,,,,,
Warship,Corvette,Obsidian,★☆☆☆☆☆,F,150,5,Veteran Crew I,,,,FALSE,FALSE,,,,,,,,,,,,,,,
Warship,Corvette,Solaris,★☆☆☆☆☆,F,150,5,Exploding Shrapnel I,,,,FALSE,FALSE,,,,,,,,,,,,,,,
Warship,Corvette,Falcon,★☆☆☆☆☆,F,150,5,Veteran Crew I,,,,FALSE,FALSE,,,,,,,,,,,,,,,
Warship,Frigate,Mirage,★★☆☆☆☆,B,125,6,Heavy Payload I,Better Logistics I,,,FALSE,FALSE,,,,,,,,,,,,,,,
Warship,Frigate,Echelon,★★☆☆☆☆,F,125,6,Heavy Payload I,Unstable Warhead I,,,FALSE,FALSE,,,,,,,,,,,,,,,
Warship,Frigate,Polaris,★★☆☆☆☆,D,125,6,Exploding Shrapnel I,Heavy Payload I,,,FALSE,FALSE,,,,,,,,,,,,,,,
Warship,Frigate,Odyssey,★★☆☆☆☆,B,125,6,Support Accelerator,Speed Loader I,,,FALSE,FALSE,,,,,,,,,,,,,,,
Warship,Frigate,Xylo,★★☆☆☆☆,D,125,6,Unstable Warhead I,Speed Loader I,,,FALSE,FALSE,,,,,,,,,,,,,,,
Warship,Frigate,Drakon,★★☆☆☆☆,D,125,6,Veteran Crew I,Exploding Shrapnel I,,,FALSE,FALSE,,,,,,,,,,,,,,,
Warship,Destroyer,Ivy,★★★☆☆☆,B,100,7,Unstable Warhead I,Speed Loader I,Equipment Accelerator,,FALSE,FALSE,,,,,,,,,,,,,,,
Warship,Destroyer,Neptune,★★★☆☆☆,B,100,7,Veteran Crew I,Better Logistics II,Support Accelerator,,FALSE,FALSE,,,,,,,,,,,,,,,
Warship,Destroyer,Halo,★★★☆☆☆,B,100,7,Heavy Payload I,Exploding Shrapnel I,Support Accelerator,,FALSE,FALSE,,,,,,,,,,,,,,,
Warship,Destroyer,Emerald,★★★☆☆☆,B,100,7,Exploding Shrapnel I,Unstable Warhead I,Better Logistics I,,FALSE,FALSE,,,,,,,,,,,,,,,
Warship,Destroyer,Nightfall,★★★☆☆☆,C,100,7,Unstable Warhead I,Veteran Crew II,Speed Loader I,,FALSE,FALSE,,,,,,,,,,,,,,,
Warship,Destroyer,Nebula,★★★☆☆☆,B,100,7,Exploding Shrapnel I,Better Logistics I,Support Accelerator,,FALSE,FALSE,,,,,,,,,,,,,,,
Warship,Cruiser,Phantom,★★★★☆☆,C,75,10,Exploding Shrapnel I,Heavy Battery I,Speed Loader I,,FALSE,FALSE,,,,,,,,,,,,,,,
Warship,Cruiser,Echo,★★★★☆☆,C,75,10,Heavy Payload I,Veteran Crew I,Exploding Shrapnel II,,FALSE,FALSE,,,,,,,,,,,,,,,
Warship,Cruiser,Specter,★★★★☆☆,B,75,10,Unstable Warhead I,Speed Loader II,Support Accelerator,,FALSE,FALSE,,,,,,,,,,,,,,,
Warship,Cruiser,Tower,★★★★☆☆,B,75,10,Veteran Crew II,Better Logistics II,Support Accelerator,,FALSE,FALSE,,,,,,,,,,,,,,,
Warship,Battleship,Retaliator,★★★★★☆,A,60,12,Veteran Crew III,Exploding Shrapnel III,Heavy Battery II,,FALSE,TRUE,,,,,,,,,,,,,,,
Warship,Battleship,Zenith,★★★★★☆,C,60,12,Unstable Warhead II,Speed Loader II,Heavy Battery I,,FALSE,FALSE,,,,,,,,,,,,,,,
Warship,Battleship,Invictus,★★★★★☆,B,60,12,Veteran Crew II,Speed Loader III,Heavy Payload III,,FALSE,FALSE,,,,,,,,,,,,,,,
Warship,Battleship,Vengeance,★★★★★☆,S,60,12,Better Logistics III,Exploding Shrapnel II,Dual Barrel Cannons,,FALSE,FALSE,,,,,,,,,,,,,,,
Warship,Dreadnought,Venom,★★★★★★,S,36,20,Better Logistics III,Exploding Shrapnel III,Unstable Warhead III,Support Accelerator,FALSE,FALSE,,,,,,,,,,,,,,,
Warship,Dreadnought,Titan,★★★★★★,S,36,20,Heavy Battery III,Speed Loader III,Unstable Warhead III,Heavy Battery II,FALSE,FALSE,,,,,,,,,,,,,,,
Warship,Dreadnought,Conqueror,★★★★★★,GB,36,20,Heavy Payload II,Heavy Battery III,Tri-Barrel Cannons,Veteran Crew III,FALSE,FALSE,,,,,,,,,,,,,,,
Warship,Dreadnought,Dominator,★★★★★★,S,36,20,Heavy Payload III,Heavy Battery III,Speed Loader III,Veteran Crew III,FALSE,FALSE,,,,,,,,,,,,,,,
PERKS - WARSHIP PERKS,-,-,-,-,-,-,-,-,-,-,-,-,-,-,-,-,-,-,-,-,-,-,-,-,-,-,-
Perk Name,Level,Effect,Paid,,,,,,,,,,,,,,,,,,,,,,,,
Better Logistics I,1,Support weapons deploy with 25% more ammo,FALSE,,,,,,,,,,,,,,,,,,,,,,,,
Better Logistics II,2,Support weapons deploy with 50% more ammo,FALSE,,,,,,,,,,,,,,,,,,,,,,,,
Better Logistics III,3,Support weapons deploy with 100% more ammo,FALSE,,,,,,,,,,,,,,,,,,,,,,,,
Heavy Payload I,1,Warship explosion Blast Radius increased by 5%,FALSE,,,,,,,,,,,,,,,,,,,,,,,,
Heavy Payload II,2,Warship explosion Blast Radius increased by 8%,FALSE,,,,,,,,,,,,,,,,,,,,,,,,
Heavy Payload III,3,Warship explosion Blast Radius increased by 10%,FALSE,,,,,,,,,,,,,,,,,,,,,,,,
Speed Loader I,1,Offensive abilities reload 15% faster,FALSE,,,,,,,,,,,,,,,,,,,,,,,,
Speed Loader II,2,Offensive abilities reload 30% faster,FALSE,,,,,,,,,,,,,,,,,,,,,,,,
Speed Loader III,3,Offensive abilities reload 65% faster,FALSE,,,,,,,,,,,,,,,,,,,,,,,,
Exploding Shrapnel I,1,Warship explosion DAMAGE FALLOFF REDUCED by 15%,FALSE,,,,,,,,,,,,,,,,,,,,,,,,
Exploding Shrapnel II,2,Warship explosion DAMAGE FALLOFF REDUCED by 30%,FALSE,,,,,,,,,,,,,,,,,,,,,,,,
Exploding Shrapnel III,3,Warship explosion DAMAGE FALLOFF REDUCED by 50%,FALSE,,,,,,,,,,,,,,,,,,,,,,,,
Unstable Warhead I,1,Warship explosion BLAST DAMAGE increased by 5%,FALSE,,,,,,,,,,,,,,,,,,,,,,,,
Unstable Warhead II,2,Warship explosion BLAST DAMAGE increased by 8%,FALSE,,,,,,,,,,,,,,,,,,,,,,,,
Unstable Warhead III,3,Warship explosion BLAST DAMAGE increased by 12%,FALSE,,,,,,,,,,,,,,,,,,,,,,,,
Veteran Crew I,1,ABILITY CALLIN TIME REDUCED by 20%,FALSE,,,,,,,,,,,,,,,,,,,,,,,,
Veteran Crew II,2,ABILITY CALLIN TIME REDUCED by 35%,FALSE,,,,,,,,,,,,,,,,,,,,,,,,
Veteran Crew III,3,ABILITY CALLIN TIME REDUCED by 50%,FALSE,,,,,,,,,,,,,,,,,,,,,,,,
Support Accelerator,N/A,Near-instant equipment support reload,FALSE,,,,,,,,,,,,,,,,,,,,,,,,
Equipment Accelerator,N/A,Near-instant equipment ability reload,FALSE,,,,,,,,,,,,,,,,,,,,,,,,
Heavy Battery I,1,1 additional bombs per barrage (Stackable),FALSE,,,,,,,,,,,,,,,,,,,,,,,,
Heavy Battery II,2,2 additional bombs per barrage (Stackable),FALSE,,,,,,,,,,,,,,,,,,,,,,,,
Heavy Battery III,3,3 additional bombs per barrage (Stackable),FALSE,,,,,,,,,,,,,,,,,,,,,,,,
Dual Barrel Cannons,1,1 additional projectiles for strikes (Barrages excluded),FALSE,,,,,,,,,,,,,,,,,,,,,,,,
Tri-Barrel Cannons,2,2 additional projectiles for strikes (Barrages excluded),FALSE,,,,,,,,,,,,,,,,,,,,,,,,
PERKS - GLOBAL PERKS,-,-,-,-,-,-,-,-,-,-,-,-,-,-,-,-,-,-,-,-,-,-,-,-,-,-,-
Perk Name,Level,Effect,Source,Paid,,,,,,,,,,,,,,,,,,,,,,,
Lucky,N/A,Increases the quality of ALL spawned crates,Lucky Gamepass,TRUE,,,,,,,,,,,,,,,,,,,,,,,
Ultra Lucky,N/A,SIGNIFICANTLY increases the quality of ALL spawned crates,Ultra Lucky Gamepass,TRUE,,,,,,,,,,,,,,,,,,,,,,,
Bigger Fuel Tanks,N/A,Adds 12 seconds of warship flight time,Admiral Gamepass,TRUE,,,,,,,,,,,,,,,,,,,,,,,
Premium XP Boost,N/A,Gain 10% more XP,Roblox Premium,TRUE,,,,,,,,,,,,,,,,,,,,,,,
Loot Magnet,N/A,Infinite Loot Pickup Range,Loot Hunter Gamepass,TRUE,,,,,,,,,,,,,,,,,,,,,,,
Double Drop Pod Respawns,N/A,Double the amount of drop pod respawns on Velkrost team,Overkill Gamepass,TRUE,,,,,,,,,,,,,,,,,,,,,,,
Double Zipline Gadgets,N/A,Double the max amount of Zipline Gadgets,Overkill Gamepass,TRUE,,,,,,,,,,,,,,,,,,,,,,,
Double Sprays,N/A,Double the max amount of Health/Adrena sprays,Overkill Gamepass,TRUE,,,,,,,,,,,,,,,,,,,,,,,
Extra Firepower,N/A,Equip ANY primary weapon in your secondary weapon slot,Overkill Gamepass,TRUE,,,,,,,,,,,,,,,,,,,,,,,
Heavy Weapons Expert,N/A,You can carry 2 support weapons,Juggernaut Gamepass,TRUE,,,,,,,,,,,,,,,,,,,,,,,
PERKS - ARMOR PERKS,-,-,-,-,-,-,-,-,-,-,-,-,-,-,-,-,-,-,-,-,-,-,-,-,-,-,-
Perk Name,Level,Effect,Source,Paid,,,,,,,,,,,,,,,,,,,,,,,
Increased Health V,5,Gain +75 Max HP. Stacks with other health perks,Juggernaut Gamepass,TRUE,,,,,,,,,,,,,,,,,,,,,,,
Explosion Resistance IV,4,Take 40% less explosion damage. Stacks with other EOD expert perks,Juggernaut Gamepass,TRUE,,,,,,,,,,,,,,,,,,,,,,,
Heavy Ammo Backpack III,N/A,Carry SIGNIFICANTLY more special ammo,Juggernaut Gamepass,TRUE,,,,,,,,,,,,,,,,,,,,,,,
Quick Rearm,N/A,Lowers Warship Cooldown by 25%,Admiral Gamepass,TRUE,,,,,,,,,,,,,,,,,,,,,,,
Turbocharged,N/A,Warship Ability Reload Time reduced,Admiral Gamepass,TRUE,,,,,,,,,,,,,,,,,,,,,,,
Extra Experience,N/A,XP Gains Increased by 25%,Loot Hunter Gamepass,TRUE,,,,,,,,,,,,,,,,,,,,,,,
Extra Valor,N/A,Valor Gains Increased by 25%,Loot Hunter Gamepass,TRUE,,,,,,,,,,,,,,,,,,,,,,,
Lighter Build I,1,Increased All Movement Speed by 5%,MIlitary Police Mk2,FALSE,,,,,,,,,,,,,,,,,,,,,,,
Lighter Build II,2,Increased All Movement Speed by 10%,MIlitary Police Mk2 MIlitary Police Mk3,FALSE,,,,,,,,,,,,,,,,,,,,,,,
Lighter Build III,3,Increased All Movement Speed by 15%,"Military Police Mk4,Mk5,Mk6 ; Loot Hunter",FALSE,,,,,,,,,,,,,,,,,,,,,,,
Slide Tactician I,1,Sliding Distance and Control Increased Slightly,Military Police Mk1.5,FALSE,,,,,,,,,,,,,,,,,,,,,,,
Slide Tactician III,2,Sliding Distance and Control Increased Moderately,"Military Police Mk2.5, Mk3, Mk4",FALSE,,,,,,,,,,,,,,,,,,,,,,,
Slide Tactician III,3,Sliding Distance and Control Increased Significantly,"Military Police Mk5, Mk6",FALSE,,,,,,,,,,,,,,,,,,,,,,,
Compact Gadgets I,1,Carry 1 Extra Zipline gadget,"Mercenary Mk1.5, Mk2 ",FALSE,,,,,,,,,,,,,,,,,,,,,,,
Compact Gadgets II,2,Carry 2 Extra Zipline gadget,Mercenary Mk3,FALSE,,,,,,,,,,,,,,,,,,,,,,,
Compact Gadgets III,3,Carry 3 Extra Zipline gadget,"Mercenary Mk4, Mk5, Mk6",FALSE,,,,,,,,,,,,,,,,,,,,,,,
Normal Ammo Backpack I,1,Carry slightly more normal ammo,Mercenary Mk1,FALSE,,,,,,,,,,,,,,,,,,,,,,,
Normal Ammo Backpack II,2,Carry moderately more normal ammo,"Mercenary Mk2,Mk3,Mk4",FALSE,,,,,,,,,,,,,,,,,,,,,,,
Normal Ammo Backpack III,3,Carry significantly more normal ammo,"Mercenary Mk5,Mk6",FALSE,,,,,,,,,,,,,,,,,,,,,,,
Zipline Master I,1,Traveling Ziplines is now 15% Faster,Mercenary Mk3,FALSE,,,,,,,,,,,,,,,,,,,,,,,
Zipline Master II,2,Traveling Ziplines is now 30% Faster,"Mercenary Mk4, Mk5",FALSE,,,,,,,,,,,,,,,,,,,,,,,
Zipline Master III,3,Traveling Ziplines is now 50% Faster,Mercenary Mk6,FALSE,,,,,,,,,,,,,,,,,,,,,,,
Surge Supply I,1,Carry 1 Extra Adrena-Sprays,Military Police Mk5,FALSE,,,,,,,,,,,,,,,,,,,,,,,
Surge Supply II,2,Carry 2 Extra Adrena-Sprays,Military Police Mk6,FALSE,,,,,,,,,,,,,,,,,,,,,,,
Purge Protocol I,1,Deal 6% more damage to zombies with normal weapons,Velkrost Mk1.5,FALSE,,,,,,,,,,,,,,,,,,,,,,,
Purge Protocol II,2,Deal 12% more damage to zombies with normal weapons,"Velkrost Mk3, Mk3.5, Mk4, Mk5",FALSE,,,,,,,,,,,,,,,,,,,,,,,
Purge Protocol III,3,Deal 20% more damage to zombies with normal weapons,Velkrost Mk6,FALSE,,,,,,,,,,,,,,,,,,,,,,,
Zombie Armor I,1,Take 5% Less Damage from Zombie Attacks,"Velkrost Mk3.5, Mk4",FALSE,,,,,,,,,,,,,,,,,,,,,,,
Zombie Armor II,2,Take 10% Less Damage from Zombie Attacks,Velkrost Mk5,FALSE,,,,,,,,,,,,,,,,,,,,,,,
Zombie Armor III,3,Take 15% Less Damage from Zombie Attacks,Velkrost Mk6,FALSE,,,,,,,,,,,,,,,,,,,,,,,
Ammo Packing I,1,Spawn with slightly more ammo,Velkrost Mk1,FALSE,,,,,,,,,,,,,,,,,,,,,,,
Ammo Packing II,2,Spawn with moderately more ammo,"Velkrost Mk2,Mk3",FALSE,,,,,,,,,,,,,,,,,,,,,,,
Ammo Packing III,3,Spawn with max ammo,"Velrost Mk4,Mk5,Mk6",FALSE,,,,,,,,,,,,,,,,,,,,,,,
Titanium Frame I,1,Sentry guns have slightly more health,Razor Squad Mk1,FALSE,,,,,,,,,,,,,,,,,,,,,,,
Titanium Frame II,2,Sentry guns have moderately more health,"Razor Squad Mk2, Mk3, Mk3.5",FALSE,,,,,,,,,,,,,,,,,,,,,,,
Titanium Frame III,3,Sentry guns have signicantly more health,"Razor Squad Mk4, Mk5, Mk6",FALSE,,,,,,,,,,,,,,,,,,,,,,,
Overloaded Chamber I,1,Sentry Guns start with moderately more ammo,"Razor Squad Mk1.5,Mk2",FALSE,,,,,,,,,,,,,,,,,,,,,,,
Overloaded Chamber II,2,Sentry Guns start with significantly more ammo,"Razor Squad Mk3, Mk3.5, Mk4",FALSE,,,,,,,,,,,,,,,,,,,,,,,
Overloaded Chamber III,3,Sentry Guns start with double ammo,"Razor Squad Mk5,Mk6 ",FALSE,,,,,,,,,,,,,,,,,,,,,,,
Overclocked Internals I,1,Sentry Guns have moderately more lifespan,Razor Squad Mk3.5 ,FALSE,,,,,,,,,,,,,,,,,,,,,,,
Overclocked Internals II,2,Sentry Guns have significantly more lifespan,"Razor Squad Mk4,Mk5",FALSE,,,,,,,,,,,,,,,,,,,,,,,
Overclocked Internals III,3,Sentry Guns have double lifespan,Razor Squad Mk6,FALSE,,,,,,,,,,,,,,,,,,,,,,,